{
    "labels": [
        "office_equipment"
    ],
    "amount_of_images": 1914,
    "image_color_mode": "color",
    "image_size": "size_256",
    "split": {
        "train": 1158,
        "val": 587,
        "test": 169
    },
    "description": "All the images can be found in the data folder, the images are separated into train/test/val folders with a ratio of 60%/30%/10%",
    "total_creation_time": "0:14:14.084914",
    "augmentation": {
        "active": true,
        "augmentation_count": 801,
        "augmentations": [
            "min_filter",
            "smooth",
            "brightness",
            "contrast",
            "color_jitter"
        ],
        "description": "How to know which image has been augmented? Images with _aug suffix at the train folder"
    },
    "about": {
        "provide_by": "www.images.cv",
        "useful_links": [
            "https://images.cv/how-to-use",
            "https://images.cv/faq",
            "https://images.cv/computer-vision-dataset-categories",
            "https://images.cv/computer-vision-image-datasets-index",
            "https://images.cv/contact"
        ]
    }
}